{"cameraMode":{"drawMode":0,"name":"Shaded","section":"Shading Mode"},"sceneLighting":true,"audioPlay":false,"sceneViewState":{"m_AlwaysRefresh":false,"showFog":true,"showSkybox":true,"showFlares":true,"showImageEffects":true,"showParticleSystems":true,"showVisualEffectGraphs":true,"m_FxEnabled":true},"in2DMode":false,"pivot":{"x":13.618834495544434,"y":2.8893749713897707,"z":-4.609368801116943},"rotation":{"x":-0.2699635326862335,"y":-0.04508006572723389,"z":0.012733390554785729,"w":-0.9619811773300171},"size":2.7573888301849367,"orthographic":false}